{
  "anvil_cost": 5,
  "description": "Unbreakable",
  "effects": {
    "minecraft:item_damage": [
      {
        "effect": {
          "type": "minecraft:remove_binomial",
          "chance": {
            "type": "minecraft:fraction",
            "denominator": {
              "type": "minecraft:linear",
              "base": 1,
              "per_level_above_first": 0
            },
            "numerator": {
              "type": "minecraft:linear",
              "base": 1,
              "per_level_above_first": 0
            }
          }
        }
      }
    ]
  },
  "max_cost": {
    "base": 200,
    "per_level_above_first": 200
  },
  "max_level": 1,
  "min_cost": {
    "base": 35,
    "per_level_above_first": 25
  },
  "slots": [
    "any"
  ],
  "supported_items": "#minecraft:enchantable/durability",
  "weight": 1
}

